{"AD": [1.6015540000000001, 42.546245], "AE": [53.847818000000004, 23.424076], "AF": [67.709953, 33.93911], "AG": [-61.796428000000006, 17.060816], "AI": [-63.068615, 18.220554], "AL": [20.168331, 41.153332], "AM": [45.038189, 40.069099], "AN": [-69.060087, 12.226078999999999], "AO": [17.873887, -11.202691999999999], "AQ": [-0.071389, -75.250973], "AR": [-63.616671999999994, -38.416097], "AS": [-170.132217, -14.270972], "AT": [14.550072, 47.516231], "AU": [133.775136, -25.274398], "AW": [-69.968338, 12.52111], "AZ": [47.576927000000005, 40.143105], "BA": [17.679076000000002, 43.915886], "BB": [-59.543198, 13.193887], "BD": [90.35633100000001, 23.684994], "BE": [4.469936, 50.503887], "BF": [-1.561593, 12.238333], "BG": [25.48583, 42.733883], "BH": [50.637772, 25.930414000000003], "BI": [29.918885999999997, -3.3730559999999996], "BJ": [2.315834, 9.30769], "BM": [-64.75737, 32.321384], "BN": [114.72766899999999, 4.535277], "BO": [-63.588653, -16.290154], "BR": [-51.92528, -14.235004], "BS": [-77.39628, 25.03428], "BT": [90.433601, 27.514162], "BV": [3.4131940000000003, -54.423199], "BW": [24.684866, -22.328474], "BY": [27.953389, 53.709807], "BZ": [-88.49765, 17.189877], "CA": [-106.34677099999999, 56.130366], "CC": [96.870956, -12.164164999999999], "CD": [21.758664000000003, -4.038333000000001], "CF": [20.939444, 6.611111], "CG": [15.827658999999999, -0.228021], "CH": [8.227511999999999, 46.818188], "CI": [-5.54708, 7.539989], "CK": [-159.777671, -21.236735999999997], "CL": [-71.542969, -35.675146999999996], "CM": [12.354722, 7.369722], "CN": [104.195397, 35.86166], "CO": [-74.297333, 4.570868], "CR": [-83.753428, 9.748917], "CU": [-77.78116700000001, 21.521757], "CV": [-24.013197, 16.002082], "CX": [105.690449, -10.447525], "CY": [33.429859, 35.126413], "CZ": [15.472961999999999, 49.817492], "DE": [10.451526, 51.165690999999995], "DJ": [42.590275, 11.825138], "DK": [9.501785, 56.26392], "DM": [-61.370976, 15.414999], "DO": [-70.162651, 18.735692999999998], "DZ": [1.6596259999999998, 28.033886], "EC": [-78.183406, -1.8312389999999998], "EE": [25.013607, 58.595271999999994], "EG": [30.802497999999996, 26.820553000000004], "EH": [-12.885834, 24.215526999999998], "ER": [39.782334000000006, 15.179383999999999], "ES": [-3.7492199999999998, 40.463667], "ET": [40.489672999999996, 9.145], "FI": [25.748151, 61.92411], "FJ": [179.414413, -16.578193], "FK": [-59.523613, -51.796253], "FM": [150.550812, 7.425553999999999], "FO": [-6.9118059999999995, 61.892635], "FR": [2.213749, 46.227638], "GA": [11.609444, -0.803689], "GBR": [-3.435973, 55.378051], "GD": [-61.604170999999994, 12.262775999999999], "GE": [43.356891999999995, 42.315407], "GF": [-53.125781999999994, 3.9338889999999997], "GG": [-2.5852779999999997, 49.465691], "GH": [-1.0231940000000002, 7.946527000000001], "GI": [-5.345374, 36.137741], "GL": [-42.604303, 71.706936], "GM": [-15.310139000000001, 13.443182], "GN": [-9.696645, 9.945587], "GP": [-62.067641, 16.995971], "GQ": [10.267895, 1.6508009999999997], "GRC": [21.824312, 39.074208], "GS": [-36.587909, -54.429579000000004], "GT": [-90.23075899999999, 15.783470999999999], "GU": [144.793731, 13.444304], "GW": [-15.180413, 11.803749], "GY": [-58.93018000000001, 4.860416000000001], "GZ": [34.308825, 31.354676], "HK": [114.10949699999999, 22.396428], "HM": [73.50415799999999, -53.08181], "HN": [-86.241905, 15.199998999999998], "HR": [15.2, 45.1], "HT": [-72.28521500000001, 18.971187], "HU": [19.503304, 47.162494], "ID": [113.921327, -0.789275], "IE": [-8.243889999999999, 53.41291], "IL": [34.851612, 31.046051000000002], "IM": [-4.548056, 54.236107], "IN": [78.96288, 20.593684], "IO": [71.87651899999999, -6.343194], "IQ": [43.679291, 33.223191], "IR": [53.68804599999999, 32.427908], "IS": [-19.020835, 64.96305100000001], "IT": [12.56738, 41.87194], "JE": [-2.13125, 49.214439], "JM": [-77.297508, 18.109581], "JO": [36.238414, 30.585164000000002], "JP": [138.252924, 36.204824], "KE": [37.906193, -0.023559], "KG": [74.766098, 41.20438], "KH": [104.990963, 12.565679], "KI": [-168.734039, -3.3704169999999998], "KM": [43.872219, -11.875001], "KN": [-62.782998, 17.357822], "KP": [127.510093, 40.339852], "KR": [127.766922, 35.907757000000004], "KW": [47.481766, 29.311659999999996], "KY": [-80.566956, 19.513469], "KZ": [66.923684, 48.019573], "LA": [102.495496, 19.856270000000002], "LB": [35.862285, 33.854721000000005], "LC": [-60.97889300000001, 13.909444], "LI": [9.555373, 47.166000000000004], "LK": [80.77179699999999, 7.873054], "LR": [-9.429499, 6.4280550000000005], "LS": [28.233608, -29.609988], "LT": [23.881275, 55.169438], "LU": [6.129583, 49.815273], "LV": [24.603189, 56.879635], "LY": [17.228331, 26.3351], "MA": [-7.09262, 31.791702], "MC": [7.412841, 43.750298], "MD": [28.369884999999996, 47.411631], "ME": [19.37439, 42.708678000000006], "MG": [46.869107, -18.766947000000002], "MH": [171.184478, 7.131474000000001], "MK": [21.745275, 41.608635], "ML": [-3.9961660000000006, 17.570692], "MM": [95.956223, 21.913965], "MN": [103.84665600000001, 46.862496], "MO": [113.543873, 22.198745000000002], "MP": [145.38468999999998, 17.33083], "MQ": [-61.024174, 14.641528], "MR": [-10.940835, 21.00789], "MS": [-62.187366000000004, 16.742498], "MT": [14.375416, 35.937496], "MU": [57.552152, -20.348404000000002], "MV": [73.22068, 3.202778], "MW": [34.301525, -13.254307999999998], "MX": [-102.552784, 23.634501], "MY": [101.97576600000001, 4.210483999999999], "MZ": [35.529562, -18.665695], "NaN": [18.49041, -22.957639999999998], "NC": [165.618042, -20.904304999999997], "NE": [8.081666, 17.607789], "NF": [167.954712, -29.040834999999998], "NG": [8.675277000000001, 9.081999], "NI": [-85.207229, 12.865416], "NL": [5.291266, 52.132633], "NO": [8.468946, 60.472024], "NP": [84.12400799999999, 28.394857000000002], "NR": [166.931503, -0.522778], "NU": [-169.867233, -19.054445], "NZ": [174.88597099999998, -40.900557], "OM": [55.923255000000005, 21.512583], "PA": [-80.782127, 8.537981], "PE": [-75.015152, -9.189967], "PF": [-149.40684299999998, -17.679742], "PG": [143.95555, -6.314993], "PH": [121.77401699999999, 12.879721], "PK": [69.345116, 30.375321000000003], "PL": [19.145135999999997, 51.919438], "PM": [-56.27111, 46.941936], "PN": [-127.43930800000001, -24.703615], "PR": [-66.590149, 18.220833], "PS": [35.233154, 31.952162], "PT": [-8.224454, 39.399871999999995], "PW": [134.58252, 7.51498], "PY": [-58.44383199999999, -23.442503], "QA": [51.183884, 25.354826], "RE": [55.536384, -21.115141], "RO": [24.96676, 45.943160999999996], "RS": [21.005859, 44.016521000000004], "RU": [105.31875600000001, 61.52401], "RW": [29.873888, -1.940278], "SA": [45.079162, 23.885942], "SB": [160.156194, -9.645710000000001], "SC": [55.491977, -4.679574], "SD": [30.217636, 12.862807], "SE": [18.643501, 60.128161], "SG": [103.819836, 1.352083], "SH": [-10.030696, -24.143473999999998], "SI": [14.995463, 46.151241], "SJ": [23.670272, 77.553604], "SK": [19.699023999999998, 48.669026], "SL": [-11.779889, 8.460555000000001], "SM": [12.457777, 43.94236], "SN": [-14.452361999999999, 14.497401000000002], "SO": [46.199616, 5.152149], "SR": [-56.02778299999999, 3.9193050000000005], "ST": [6.613081, 0.18636], "SV": [-88.89653, 13.794185], "SY": [38.996815000000005, 34.802075], "SZ": [31.465866, -26.522503000000004], "TC": [-71.797928, 21.694025], "TD": [18.732207, 15.454166], "TF": [69.348557, -49.280366], "TG": [0.824782, 8.619543], "TH": [100.992541, 15.870032], "TJ": [71.276093, 38.861034000000004], "TK": [-171.855881, -8.967363], "TL": [125.727539, -8.874217], "TM": [59.556278000000006, 38.969719], "TN": [9.537499, 33.886917], "TO": [-175.198242, -21.178986], "TR": [35.243322, 38.963745], "TT": [-61.222503, 10.691803], "TV": [177.64933, -7.109535], "TW": [120.96051499999999, 23.69781], "TZ": [34.888822, -6.369028], "UA": [31.16558, 48.379433], "UG": [32.290275, 1.373333], "UM": [NaN, NaN], "US": [-95.712891, 37.09024], "UY": [-55.765834999999996, -32.522779], "UZ": [64.585262, 41.377491],